date,AAPL close,MSFT close
06/08/2010,37.1559,25.55
09/08/2010,37.3929,25.61
10/08/2010,37.0586,25.07
11/08/2010,35.7414,24.86
12/08/2010,35.97,24.49
13/08/2010,35.5857,24.4
16/08/2010,35.3771,24.5
17/08/2010,35.9957,24.71
18/08/2010,36.1529,24.82
19/08/2010,35.6971,24.44
20/08/2010,35.6629,24.23
23/08/2010,35.1143,24.28
24/08/2010,34.2757,24.04
25/08/2010,34.6986,24.1
26/08/2010,34.3257,23.82
27/08/2010,34.5171,23.93
30/08/2010,34.6429,23.64
31/08/2010,34.7286,23.465
01/09/2010,35.7614,23.9
02/09/2010,36.0243,23.94
03/09/2010,36.9671,24.29
07/09/2010,36.83,23.96
08/09/2010,37.56,23.93
09/09/2010,37.5814,24.01
10/09/2010,37.63,23.85
13/09/2010,38.1486,25.11
14/09/2010,38.2943,25.03
15/09/2010,38.6029,25.115
16/09/2010,39.51,25.33
17/09/2010,39.3386,25.22
20/09/2010,40.4614,25.43
21/09/2010,40.5386,25.15
22/09/2010,41.1071,24.61
23/09/2010,41.2743,24.43
24/09/2010,41.76,24.775
27/09/2010,41.5949,24.7325
28/09/2010,40.98,24.6775
29/09/2010,41.0529,24.5
30/09/2010,40.5357,24.49
01/10/2010,40.36,24.38
04/10/2010,39.8057,23.91
05/10/2010,41.2771,24.35
06/10/2010,41.3129,24.43
07/10/2010,41.3171,24.53
08/10/2010,42.01,24.57
11/10/2010,42.1943,24.59
12/10/2010,42.6486,24.83
13/10/2010,42.8771,25.34
14/10/2010,43.1871,25.23
15/10/2010,44.9629,25.54
18/10/2010,45.4286,25.82
19/10/2010,44.2129,25.1
20/10/2010,44.3614,25.31
21/10/2010,44.2171,25.42
22/10/2010,43.9243,25.3775
25/10/2010,44.12,25.19
26/10/2010,44.0071,25.9
27/10/2010,43.9757,26.05
28/10/2010,43.6057,26.28
29/10/2010,42.9971,26.665
01/11/2010,43.4543,26.95
02/11/2010,44.1943,27.39
03/11/2010,44.6857,27.03
04/11/2010,45.4671,27.14
05/11/2010,45.3043,26.85
08/11/2010,45.5171,26.81
09/11/2010,45.1543,26.95
10/11/2010,45.4329,26.94
11/11/2010,45.2364,26.68
12/11/2010,44.0043,26.27
15/11/2010,43.8621,26.2
16/11/2010,43.0843,25.81
17/11/2010,42.9286,25.57
18/11/2010,44.0614,25.8375
19/11/2010,43.8186,25.69
22/11/2010,44.7657,25.73
23/11/2010,44.1043,25.12
24/11/2010,44.9707,25.37
26/11/2010,45,25.25
29/11/2010,45.2671,25.31
30/11/2010,44.45,25.2575
01/12/2010,45.2,26.04
02/12/2010,45.45,26.89
03/12/2010,45.3486,27.02
06/12/2010,45.7357,26.84
07/12/2010,45.4586,26.87
08/12/2010,45.8586,27.23
09/12/2010,45.6796,27.08
10/12/2010,45.7943,27.34
13/12/2010,45.9529,27.245
14/12/2010,45.7557,27.62
15/12/2010,45.7657,27.85
16/12/2010,45.8929,27.9875
17/12/2010,45.8014,27.9025
20/12/2010,46.03,27.81
21/12/2010,46.315,28.07
22/12/2010,46.4514,28.1875
23/12/2010,46.2286,28.3
27/12/2010,46.3829,28.07
28/12/2010,46.4957,28.01
29/12/2010,46.47,27.97
30/12/2010,46.2371,27.85
31/12/2010,46.08,27.91
03/01/2011,47.0814,27.98
04/01/2011,47.3271,28.0875
05/01/2011,47.7143,28
06/01/2011,47.6757,28.82
07/01/2011,48.0171,28.6
10/01/2011,48.9221,28.22
11/01/2011,48.8057,28.11
12/01/2011,49.2029,28.55
13/01/2011,49.3829,28.19
14/01/2011,49.7829,28.3
18/01/2011,48.6643,28.66
19/01/2011,48.4057,28.47
20/01/2011,47.5257,28.3525
21/01/2011,46.6743,28.02
24/01/2011,48.2071,28.38
25/01/2011,48.7714,28.45
26/01/2011,49.1214,28.78
27/01/2011,49.03,28.87
28/01/2011,48.0143,27.751
31/01/2011,48.4743,27.725
01/02/2011,49.29,27.9925
02/02/2011,49.1886,27.94
03/02/2011,49.0629,27.65
04/02/2011,49.5,27.77
07/02/2011,50.2686,28.1975
08/02/2011,50.7429,28.2825
09/02/2011,51.1657,27.97
10/02/2011,50.6486,27.5
11/02/2011,50.9786,27.25
14/02/2011,51.3114,27.23
15/02/2011,51.4143,26.96
16/02/2011,51.8757,27.02
17/02/2011,51.1857,27.21
18/02/2011,50.08,27.06
22/02/2011,48.3729,26.59
23/02/2011,48.9457,26.59
24/02/2011,48.9829,26.77
25/02/2011,49.7371,26.55
28/02/2011,50.4586,26.58
01/03/2011,49.9014,26.16
02/03/2011,50.3029,26.0775
03/03/2011,51.3657,26.2
04/03/2011,51.4286,25.9525
07/03/2011,50.7657,25.72
08/03/2011,50.8229,25.91
09/03/2011,50.3529,25.89
10/03/2011,49.5243,25.41
11/03/2011,50.2843,25.68
14/03/2011,50.5086,25.69
15/03/2011,49.3471,25.39
16/03/2011,47.1443,24.79
17/03/2011,47.8057,24.78
18/03/2011,47.2386,24.8
21/03/2011,48.4714,25.33
22/03/2011,48.7429,25.295
23/03/2011,48.4557,25.54
24/03/2011,49.2814,25.81
25/03/2011,50.22,25.62
28/03/2011,50.0629,25.41
29/03/2011,50.1371,25.49
30/03/2011,49.8043,25.61
31/03/2011,49.7868,25.39
01/04/2011,49.2229,25.48
04/04/2011,48.7414,25.55
05/04/2011,48.4129,25.78
06/04/2011,48.2914,26.15
07/04/2011,48.2971,26.2
08/04/2011,47.8657,26.07
11/04/2011,47.2571,25.98
12/04/2011,47.4857,25.64
13/04/2011,48.0186,25.63
14/04/2011,47.4886,25.42
15/04/2011,46.78,25.37
18/04/2011,47.4071,25.08
19/04/2011,48.2657,25.15
20/04/2011,48.9157,25.76
21/04/2011,50.0994,25.52
25/04/2011,50.4299,25.61
26/04/2011,50.06,26.19
27/04/2011,50.0214,26.38
28/04/2011,49.5357,26.71
29/04/2011,50.0186,25.92
02/05/2011,49.4686,25.66
03/05/2011,49.7429,25.81
04/05/2011,49.9386,26.06
05/05/2011,49.5357,25.79
06/05/2011,49.5229,25.87
09/05/2011,49.6571,25.83
10/05/2011,49.9214,25.67
11/05/2011,49.6043,25.36
12/05/2011,49.51,25.32
13/05/2011,48.6429,25.03
16/05/2011,47.6143,24.57
17/05/2011,48.02,24.52
18/05/2011,48.5529,24.69
19/05/2011,48.6471,24.715
20/05/2011,47.8886,24.49
23/05/2011,47.7714,24.17
24/05/2011,47.4557,24.15
25/05/2011,48.1114,24.19
26/05/2011,47.8571,24.67
27/05/2011,48.2014,24.76
31/05/2011,49.69,25.01
01/06/2011,49.3586,24.43
02/06/2011,49.4431,24.22
03/06/2011,49.0629,23.905
06/06/2011,48.2914,24.01
07/06/2011,47.4343,24.06
08/06/2011,47.4629,23.94
09/06/2011,47.3557,23.96
10/06/2011,46.5571,23.705
13/06/2011,46.6571,24.04
14/06/2011,47.4914,24.22
15/06/2011,46.6786,23.74
16/06/2011,46.4514,23.995
17/06/2011,45.7514,24.26
20/06/2011,45.0457,24.47
21/06/2011,46.4714,24.76
22/06/2011,46.0871,24.65
23/06/2011,47.3186,24.63
24/06/2011,46.6214,24.3
27/06/2011,47.4343,25.2
28/06/2011,47.8943,25.8
29/06/2011,47.72,25.62
30/06/2011,47.9529,26
01/07/2011,49.0371,26.02
05/07/2011,49.9186,26.03
06/07/2011,50.2514,26.33
07/07/2011,51.0286,26.77
08/07/2011,51.3871,26.92
11/07/2011,50.5714,26.63
12/07/2011,50.5357,26.54
13/07/2011,51.1457,26.63
14/07/2011,51.11,26.47
15/07/2011,52.1314,26.78
18/07/2011,53.4,26.59
19/07/2011,53.8357,27.54
20/07/2011,55.2714,27.06
21/07/2011,55.3271,27.095
22/07/2011,56.1857,27.53
25/07/2011,56.9286,27.91
26/07/2011,57.63,28.08
27/07/2011,56.0843,27.33
28/07/2011,55.9743,27.72
29/07/2011,55.7829,27.4
01/08/2011,56.6786,27.27
02/08/2011,55.5586,26.8
03/08/2011,56.0814,26.92
04/08/2011,53.91,25.94
05/08/2011,53.3743,25.68
08/08/2011,50.4586,24.48
09/08/2011,53.43,25.58
10/08/2011,51.9557,24.2
11/08/2011,53.3857,25.19
12/08/2011,53.8557,25.1
15/08/2011,54.7729,25.51
16/08/2011,54.3543,25.35
17/08/2011,54.3486,25.245
18/08/2011,52.2929,24.67
19/08/2011,50.8614,24.05
22/08/2011,50.92,23.98
23/08/2011,53.3714,24.72
24/08/2011,53.74,24.9
25/08/2011,53.3886,24.57
26/08/2011,54.7971,25.25
29/08/2011,55.71,25.84
30/08/2011,55.7129,26.23
31/08/2011,54.9757,26.6
01/09/2011,54.4329,26.21
02/09/2011,53.4357,25.8
06/09/2011,54.2486,25.51
07/09/2011,54.8471,26
08/09/2011,54.8771,26.22
09/09/2011,53.9257,25.74
12/09/2011,54.2771,25.89
13/09/2011,54.9457,26.04
14/09/2011,55.6143,26.5
15/09/2011,56.1371,26.99
16/09/2011,57.2143,27.12
19/09/2011,58.8043,27.21
20/09/2011,59.0643,26.98
21/09/2011,58.8771,25.99
22/09/2011,57.4029,25.06
23/09/2011,57.7571,25.06
26/09/2011,57.5957,25.44
27/09/2011,57.0371,25.67
28/09/2011,56.7157,25.575
29/09/2011,55.7957,25.45
30/09/2011,54.4743,24.89
03/10/2011,53.5143,24.53
04/10/2011,53.2143,25.34
05/10/2011,54.0357,25.89
06/10/2011,53.91,26.34
07/10/2011,52.8286,26.25
10/10/2011,55.5443,26.94
11/10/2011,57.1843,27
12/10/2011,57.4557,26.96
13/10/2011,58.3471,27.18
14/10/2011,60.2857,27.27
17/10/2011,59.9986,26.98
18/10/2011,60.32,27.31
19/10/2011,56.9457,27.13
20/10/2011,56.4729,27.04
21/10/2011,56.1243,27.16
24/10/2011,57.9671,27.19
25/10/2011,56.8243,26.81
26/10/2011,57.2286,26.59
27/10/2011,57.8129,27.25
28/10/2011,57.85,26.98
31/10/2011,57.8257,26.63
01/11/2011,56.6443,25.99
02/11/2011,56.7729,26.01
03/11/2011,57.5814,26.53
04/11/2011,57.1771,26.25
07/11/2011,57.1043,26.8
08/11/2011,58.0329,27.16
09/11/2011,56.4686,26.2
10/11/2011,55.0314,26.28
11/11/2011,54.9457,26.91
14/11/2011,54.18,26.76
15/11/2011,55.5471,26.74
16/11/2011,54.9671,26.07
17/11/2011,53.9157,25.54
18/11/2011,53.5629,25.3
21/11/2011,52.7157,25
22/11/2011,53.7871,24.79
23/11/2011,52.4271,24.47
25/11/2011,51.9386,24.3
28/11/2011,53.7314,24.87
29/11/2011,53.3143,24.84
30/11/2011,54.6,25.58
01/12/2011,55.4186,25.28
02/12/2011,55.6714,25.22
05/12/2011,56.1443,25.7
06/12/2011,55.85,25.66
07/12/2011,55.5843,25.6
08/12/2011,55.8086,25.4
09/12/2011,56.2314,25.7
12/12/2011,55.9771,25.51
13/12/2011,55.5443,25.76
14/12/2011,54.3129,25.59
15/12/2011,54.1343,25.56
16/12/2011,54.4314,26
19/12/2011,54.6014,25.53
20/12/2011,56.5643,26.025
21/12/2011,56.635,25.76
22/12/2011,56.9357,25.81
23/12/2011,57.6186,26.03
27/12/2011,58.0757,26.04
28/12/2011,57.52,25.82
29/12/2011,57.8743,26.02
30/12/2011,57.8571,25.96
03/01/2012,58.7471,26.765
04/01/2012,59.0629,27.4
05/01/2012,59.7186,27.68
06/01/2012,60.3429,28.105
09/01/2012,60.2471,27.74
10/01/2012,60.4629,27.84
11/01/2012,60.3643,27.72
12/01/2012,60.1986,28
13/01/2012,59.9729,28.25
17/01/2012,60.6714,28.255
18/01/2012,61.3014,28.23
19/01/2012,61.1071,28.12
20/01/2012,60.0429,29.71
23/01/2012,61.0584,29.73
24/01/2012,60.0586,29.34
25/01/2012,63.8086,29.56
26/01/2012,63.5186,29.5
27/01/2012,63.8971,29.23
30/01/2012,64.7157,29.61
31/01/2012,65.2114,29.53
01/02/2012,65.17,29.89
02/02/2012,65.0171,29.95
03/02/2012,65.6686,30.24
06/02/2012,66.2814,30.2
07/02/2012,66.9757,30.35
08/02/2012,68.0971,30.66
09/02/2012,70.4529,30.77
10/02/2012,70.4886,30.495
13/02/2012,71.8,30.58
14/02/2012,72.78,30.25
15/02/2012,71.0957,30.05
16/02/2012,71.7443,31.285
17/02/2012,71.7314,31.25
21/02/2012,73.55,31.44
22/02/2012,73.2914,31.27
23/02/2012,73.77,31.37
24/02/2012,74.63,31.48
27/02/2012,75.1086,31.35
28/02/2012,76.4871,31.87
29/02/2012,77.4914,31.74
01/03/2012,77.7814,32.29
02/03/2012,77.8829,32.075
05/03/2012,76.1657,31.8
06/03/2012,75.7514,31.555
07/03/2012,75.8129,31.84
08/03/2012,77.4271,32.01
09/03/2012,77.8814,31.99
12/03/2012,78.8571,32.04
13/03/2012,81.1571,32.67
14/03/2012,84.2257,32.77
15/03/2012,83.6514,32.85
16/03/2012,83.6529,32.6
19/03/2012,85.8714,32.2
20/03/2012,86.5657,31.99
21/03/2012,86.0714,31.91
22/03/2012,85.62,31.995
23/03/2012,85.15,32.01
26/03/2012,86.7114,32.59
27/03/2012,87.7829,32.52
28/03/2012,88.2314,32.19
29/03/2012,87.1229,32.12
30/03/2012,85.65,32.255
02/04/2012,88.3757,32.29
03/04/2012,89.9029,31.94
04/04/2012,89.1871,31.21
05/04/2012,90.5257,31.52
09/04/2012,90.89,31.1
10/04/2012,89.7771,30.47
11/04/2012,89.4571,30.345
12/04/2012,88.9671,30.975
13/04/2012,86.4614,30.81
16/04/2012,82.8757,31.075
17/04/2012,87.1,31.44
18/04/2012,86.9057,31.14
19/04/2012,83.92,31.01
20/04/2012,81.8543,32.42
23/04/2012,81.6714,32.12
24/04/2012,80.04,31.92
25/04/2012,87.1429,32.2
26/04/2012,86.8143,32.11
27/04/2012,86.1429,31.98
30/04/2012,83.4257,32.015
01/05/2012,83.1614,32.01
02/05/2012,83.7114,31.8
03/05/2012,83.1171,31.76
04/05/2012,80.75,30.98
07/05/2012,81.3543,30.65
08/05/2012,81.1686,30.5
09/05/2012,81.3114,30.76
10/05/2012,81.5029,30.74
11/05/2012,80.9586,31.16
14/05/2012,79.7457,30.68
15/05/2012,79.0243,30.21
16/05/2012,78.0107,29.9
17/05/2012,75.7314,29.72
18/05/2012,75.7686,29.27
21/05/2012,80.1829,29.75
22/05/2012,79.5671,29.76
23/05/2012,81.5086,29.11
24/05/2012,80.76,29.07
25/05/2012,80.3271,29.06
29/05/2012,81.7529,29.56
30/05/2012,82.7386,29.34
31/05/2012,82.5329,29.19
01/06/2012,80.1414,28.45
04/06/2012,80.6129,28.55
05/06/2012,80.4043,28.505
06/06/2012,81.6371,29.35
07/06/2012,81.6743,29.23
08/06/2012,82.9029,29.65
11/06/2012,81.5957,28.895
12/06/2012,82.3086,29.29
13/06/2012,81.7371,29.13
14/06/2012,81.6471,29.34
15/06/2012,82.0186,30.02
18/06/2012,83.6829,29.84
19/06/2012,83.9157,30.7
20/06/2012,83.6773,30.93
21/06/2012,82.5243,30.135
22/06/2012,83.1571,30.7
25/06/2012,81.5379,29.865
26/06/2012,81.7179,30.02
27/06/2012,82.0714,30.17
28/06/2012,81.2929,29.91
29/06/2012,83.4286,30.59
02/07/2012,84.6457,30.56
03/07/2012,85.63,30.76
05/07/2012,87.1343,30.7
06/07/2012,86.5543,30.185
09/07/2012,87.6986,30
10/07/2012,86.8871,29.74
11/07/2012,86.3471,29.3
12/07/2012,85.5571,28.63
13/07/2012,86.4243,29.39
16/07/2012,86.7014,29.44
17/07/2012,86.7057,29.66
18/07/2012,86.6086,30.45
19/07/2012,87.76,30.665
20/07/2012,86.3286,30.115
23/07/2012,86.2614,29.28
24/07/2012,85.8457,29.15
25/07/2012,82.1386,28.83
26/07/2012,82.1257,29.16
27/07/2012,83.5943,29.755
30/07/2012,85.0043,29.64
31/07/2012,87.2514,29.47
01/08/2012,86.6871,29.41
02/08/2012,86.8271,29.19
03/08/2012,87.9571,29.75
06/08/2012,88.9357,29.95
07/08/2012,88.702,30.26
08/08/2012,88.5514,30.33
09/08/2012,88.6757,30.5
10/08/2012,88.8143,30.42
13/08/2012,90,30.39
14/08/2012,90.2414,30.13
15/08/2012,90.1186,30.2
16/08/2012,90.9057,30.78
17/08/2012,92.5871,30.9
20/08/2012,95.0214,30.74
21/08/2012,93.7231,30.8
22/08/2012,95.5529,30.54
23/08/2012,94.6614,30.255
24/08/2012,94.746,30.56
27/08/2012,96.5257,30.69
28/08/2012,96.4,30.63
29/08/2012,96.2094,30.65
30/08/2012,94.8383,30.32
31/08/2012,95.0343,30.82
04/09/2012,96.4243,30.385
05/09/2012,95.7471,30.39
06/09/2012,96.61,31.345
07/09/2012,97.2057,30.95
10/09/2012,94.6771,30.72
11/09/2012,94.37,30.79
12/09/2012,95.6843,30.78
13/09/2012,97.5686,30.935
14/09/2012,98.7543,31.21
17/09/2012,99.9687,31.21
18/09/2012,100.2729,31.175
19/09/2012,100.3,31.052
20/09/2012,99.8143,31.45
21/09/2012,100.0136,31.19
24/09/2012,98.6843,30.78
25/09/2012,96.22,30.39
26/09/2012,95.0257,30.165
27/09/2012,97.3314,30.16
28/09/2012,95.3007,29.76
01/10/2012,94.1986,29.49
02/10/2012,94.4729,29.66
03/10/2012,95.9214,29.86
04/10/2012,95.2571,30.03
05/10/2012,93.2271,29.85
08/10/2012,91.1671,29.78
09/10/2012,90.8357,29.28
10/10/2012,91.5586,28.98
11/10/2012,89.7286,28.95
12/10/2012,89.9591,29.2
15/10/2012,90.68,29.51
16/10/2012,92.8275,29.49
17/10/2012,92.0877,29.59
18/10/2012,90.3771,29.495
19/10/2012,87.12,28.64
22/10/2012,90.5757,28
23/10/2012,87.6222,28.047
24/10/2012,88.1186,27.9019
25/10/2012,87.0769,27.88
26/10/2012,86.2857,28.21
31/10/2012,85.0457,28.54
01/11/2012,85.22,29.515
02/11/2012,82.4,29.4998
05/11/2012,83.5173,29.63
06/11/2012,83.2642,29.86
07/11/2012,79.7146,29.08
08/11/2012,76.8214,28.81
09/11/2012,78.1514,28.83
12/11/2012,77.5471,28.22
13/11/2012,77.5569,27.0895
14/11/2012,76.6971,26.84
15/11/2012,75.0886,26.6607
16/11/2012,75.3826,26.5209
19/11/2012,80.8186,26.7277
20/11/2012,80.1305,26.71
21/11/2012,80.2429,26.95
23/11/2012,81.6429,27.7
26/11/2012,84.2186,27.385
27/11/2012,83.54,27.08
28/11/2012,83.2771,27.36
29/11/2012,84.1943,26.95
30/11/2012,83.6114,26.615
03/12/2012,83.7414,26.4294
04/12/2012,82.2636,26.37
05/12/2012,76.9703,26.67
06/12/2012,78.1778,26.725
07/12/2012,76.1786,26.455
10/12/2012,75.6887,26.94
11/12/2012,77.3411,27.32
12/12/2012,77,27.24
13/12/2012,75.67,27.11
14/12/2012,72.8277,26.81
17/12/2012,74.1186,27.095
18/12/2012,76.2714,27.56
19/12/2012,75.1871,27.31
20/12/2012,74.5329,27.68
21/12/2012,74.19,27.45
24/12/2012,74.3097,27.06
26/12/2012,73.2856,26.86
27/12/2012,73.58,26.96
28/12/2012,72.7985,26.55
31/12/2012,76.0247,26.7097
02/01/2013,78.4329,27.62
03/01/2013,77.4423,27.25
04/01/2013,75.2857,26.74
07/01/2013,74.8429,26.69
08/01/2013,75.0443,26.55
09/01/2013,73.8714,26.7
10/01/2013,74.7871,26.46
11/01/2013,74.3286,26.83
14/01/2013,71.6786,26.89
15/01/2013,69.4171,27.21
16/01/2013,72.2986,27.04
17/01/2013,71.8114,27.25
18/01/2013,71.4286,27.25
22/01/2013,72.11,27.15
23/01/2013,73.4293,27.61
24/01/2013,64.3571,27.63
25/01/2013,62.84,27.88
28/01/2013,64.2614,27.911
29/01/2013,65.4671,28.01
30/01/2013,65.2614,27.85
31/01/2013,65.07,27.45
01/02/2013,64.8029,27.93
04/02/2013,63.188,27.44
05/02/2013,65.4063,27.495
06/02/2013,65.3357,27.34
07/02/2013,66.8886,27.283
08/02/2013,67.8543,27.55
11/02/2013,68.5614,27.86
12/02/2013,66.8429,27.88
13/02/2013,66.7157,28.03
14/02/2013,66.6557,28.04
15/02/2013,65.7371,28.01
19/02/2013,65.7129,28.045
20/02/2013,64.1214,27.87
21/02/2013,63.7229,27.49
22/02/2013,64.4014,27.76
25/02/2013,63.2571,27.37
26/02/2013,64.1386,27.37
27/02/2013,63.51,27.81
28/02/2013,63.0571,27.8
01/03/2013,61.4957,27.95
04/03/2013,60.0071,28.15
05/03/2013,61.592,28.35
06/03/2013,60.8089,28.09
07/03/2013,61.5117,28.14
08/03/2013,61.6743,28
11/03/2013,62.5529,27.87
12/03/2013,61.2043,27.91
13/03/2013,61.1929,27.915
14/03/2013,61.7857,28.135
15/03/2013,63.38,28.035
18/03/2013,65.1029,28.1
19/03/2013,64.9271,28.18
20/03/2013,64.5829,28.315
21/03/2013,64.6757,28.11
22/03/2013,65.9871,28.25
25/03/2013,66.2257,28.16
26/03/2013,65.8766,28.155
27/03/2013,64.5829,28.37
28/03/2013,63.2371,28.605
01/04/2013,61.2729,28.61
02/04/2013,61.3989,28.8
03/04/2013,61.7129,28.56
04/04/2013,61.1029,28.595
05/04/2013,60.4571,28.7
08/04/2013,60.8871,28.59
09/04/2013,60.9971,29.61
10/04/2013,62.2414,30.28
11/04/2013,62.0471,28.935
12/04/2013,61.4,28.79
15/04/2013,59.9786,28.69
16/04/2013,60.8914,28.97
17/04/2013,57.5429,28.825
18/04/2013,56.0071,28.79
19/04/2013,55.79,29.765
22/04/2013,56.9529,30.83
23/04/2013,58.0186,30.6
24/04/2013,57.9231,31.76
25/04/2013,58.34,31.94
26/04/2013,59.6007,31.79
29/04/2013,61.4457,32.61
30/04/2013,63.2543,33.1
01/05/2013,62.7557,32.72
02/05/2013,63.6457,33.16
03/05/2013,64.2829,33.49
06/05/2013,65.8157,33.75
07/05/2013,65.5226,33.31
08/05/2013,66.2629,32.99
09/05/2013,65.2529,32.66
10/05/2013,64.71,32.69
13/05/2013,64.9629,33.03
14/05/2013,63.4086,33.53
15/05/2013,61.2643,33.845
16/05/2013,62.0826,34.08
17/05/2013,61.8943,34.87
20/05/2013,63.2757,35.08
21/05/2013,62.8086,34.85
22/05/2013,63.0506,34.61
23/05/2013,63.1629,34.15
24/05/2013,63.5929,34.269
28/05/2013,63.0627,35.02
29/05/2013,63.5643,34.88
30/05/2013,64.5114,35.03
31/05/2013,64.2479,34.9
03/06/2013,64.3886,35.59
04/06/2013,64.1871,34.99
05/06/2013,63.5871,34.78
06/06/2013,62.6371,34.96
07/06/2013,63.1159,35.67
10/06/2013,62.6986,35.47
11/06/2013,62.5143,34.84
12/06/2013,61.7414,35
13/06/2013,62.2807,34.715
14/06/2013,61.4357,34.4
17/06/2013,61.7143,35
18/06/2013,61.6814,34.98
19/06/2013,60.4286,34.59
20/06/2013,59.5483,33.49
21/06/2013,59.0714,33.265
24/06/2013,57.5057,33.715
25/06/2013,57.5186,33.67
26/06/2013,56.8671,34.35
27/06/2013,56.2543,34.62
28/06/2013,56.6471,34.545
01/07/2013,58.46,34.36
02/07/2013,59.7843,33.94
03/07/2013,60.1143,34.01
05/07/2013,59.6314,34.21
08/07/2013,59.2929,34.325
09/07/2013,60.3357,34.35
10/07/2013,60.1043,34.7
11/07/2013,61.0411,35.685
12/07/2013,60.93,35.67
15/07/2013,61.0629,36.17
16/07/2013,61.4564,36.27
17/07/2013,61.4729,35.74
18/07/2013,61.6797,35.44
19/07/2013,60.7071,31.4
22/07/2013,60.9014,32.01
23/07/2013,59.8557,31.82
24/07/2013,62.93,31.96
25/07/2013,62.6429,31.39
26/07/2013,62.9986,31.62
29/07/2013,63.97,31.54
30/07/2013,64.76,31.85
31/07/2013,64.6471,31.84
01/08/2013,65.2394,31.67
02/08/2013,66.0771,31.89
05/08/2013,67.0643,31.7
06/08/2013,66.4643,31.58
07/08/2013,66.4257,32.063
08/08/2013,65.8586,32.89
09/08/2013,64.9214,32.7
12/08/2013,66.7657,32.87
13/08/2013,69.9386,32.23
14/08/2013,71.2143,32.35
15/08/2013,71.13,31.79
16/08/2013,71.7614,31.8
19/08/2013,72.5343,31.393
20/08/2013,71.5814,31.62
21/08/2013,71.7657,31.61
22/08/2013,71.8514,32.39
23/08/2013,71.5743,34.75
26/08/2013,71.8529,34.15
27/08/2013,69.7986,33.26
28/08/2013,70.128,33.02
29/08/2013,70.2429,33.55
30/08/2013,69.6023,33.4
03/09/2013,69.7971,31.88
04/09/2013,71.2416,31.195
05/09/2013,70.7529,31.235
06/09/2013,71.1743,31.152
09/09/2013,72.31,31.655
10/09/2013,70.6629,32.39
11/09/2013,66.8157,32.74
12/09/2013,67.5271,32.69
13/09/2013,66.4143,33.03
16/09/2013,64.3029,32.801
17/09/2013,65.0457,32.93
18/09/2013,66.3829,33.32
19/09/2013,67.4714,33.64
20/09/2013,66.7729,32.791
23/09/2013,70.0914,32.74
24/09/2013,69.8714,32.455
25/09/2013,68.79,32.505
26/09/2013,69.46,32.77
27/09/2013,68.9643,33.27
30/09/2013,68.1071,33.28
01/10/2013,69.7086,33.58
02/10/2013,69.9371,33.92
03/10/2013,69.0586,33.86
04/10/2013,69.0043,33.88
07/10/2013,69.6786,33.3
08/10/2013,68.7057,33.01
09/10/2013,69.5126,33.07
10/10/2013,69.9483,33.76
11/10/2013,70.4017,34.13
14/10/2013,70.8629,34.45
15/10/2013,71.24,34.49
16/10/2013,71.5877,34.64
17/10/2013,72.0714,34.92
18/10/2013,72.6986,34.96
21/10/2013,74.4803,34.99
22/10/2013,74.2668,34.58
23/10/2013,74.9943,33.76
24/10/2013,75.9871,33.72
25/10/2013,75.1369,35.73
28/10/2013,75.6966,35.57
29/10/2013,73.8111,35.52
30/10/2013,74.9851,35.54
31/10/2013,74.6717,35.405
01/11/2013,74.29,35.525
04/11/2013,75.25,35.94
05/11/2013,75.0641,36.64
06/11/2013,74.4171,38.18
07/11/2013,73.2131,37.5
08/11/2013,74.3657,37.78
11/11/2013,74.1497,37.59
12/11/2013,74.2871,37.36
13/11/2013,74.3763,38.155
14/11/2013,75.4514,38.021
15/11/2013,74.9987,37.841
18/11/2013,74.0899,37.2
19/11/2013,74.2214,36.74
20/11/2013,73.5714,37.08
21/11/2013,74.448,37.4
22/11/2013,74.2571,37.57
25/11/2013,74.82,37.64
26/11/2013,76.2,37.35
27/11/2013,77.9943,37.6
29/11/2013,79.4386,38.13
02/12/2013,78.7471,38.45
03/12/2013,80.9031,38.31
04/12/2013,80.7143,38.94
05/12/2013,81.1287,38
06/12/2013,80.0029,38.36
09/12/2013,80.9186,38.705
10/12/2013,80.7929,38.11
11/12/2013,80.1943,37.61
12/12/2013,80.0771,37.22
13/12/2013,79.2043,36.69
16/12/2013,79.6429,36.885
17/12/2013,79.2843,36.52
18/12/2013,78.6814,36.58
19/12/2013,77.78,36.25
20/12/2013,78.4314,36.8
23/12/2013,81.4414,36.62
24/12/2013,81.0957,37.08
26/12/2013,80.5571,37.44
27/12/2013,80.0129,37.29
30/12/2013,79.2171,37.29
31/12/2013,80.1457,37.41
02/01/2014,79.0186,37.16
03/01/2014,77.2829,36.91
06/01/2014,77.7043,36.13
07/01/2014,77.1482,36.41
08/01/2014,77.6371,35.76
09/01/2014,76.6456,35.53
10/01/2014,76.1343,36.04
13/01/2014,76.5329,34.98
14/01/2014,78.0557,35.78
15/01/2014,79.6229,36.76
16/01/2014,79.1786,36.89
17/01/2014,77.2386,36.38
21/01/2014,78.4386,36.17
22/01/2014,78.7871,35.93
23/01/2014,79.4543,36.055
24/01/2014,78.01,36.805
27/01/2014,78.6429,36.03
28/01/2014,72.3571,36.27
29/01/2014,71.5357,36.66
30/01/2014,71.3974,36.86
31/01/2014,71.5143,37.84
03/02/2014,71.6471,36.48
04/02/2014,72.6843,36.35
05/02/2014,73.2271,35.82
06/02/2014,73.2157,36.18
07/02/2014,74.24,36.56
10/02/2014,75.57,36.8
11/02/2014,76.5657,37.175
12/02/2014,76.56,37.47
13/02/2014,77.7757,37.61
14/02/2014,77.7129,37.62
18/02/2014,77.9986,37.42
19/02/2014,76.7671,37.51
20/02/2014,75.8786,37.75
21/02/2014,75.0357,37.98
24/02/2014,75.3643,37.69
25/02/2014,74.58,37.54
26/02/2014,73.9071,37.47
27/02/2014,75.3814,37.86
28/02/2014,75.1771,38.31
03/03/2014,75.3943,37.78
04/03/2014,75.8914,38.41
05/03/2014,76.0514,38.11
06/03/2014,75.8214,38.15
07/03/2014,75.7771,37.9
10/03/2014,75.8457,37.82
11/03/2014,76.5843,38.02
12/03/2014,76.6586,38.27
13/03/2014,75.8071,37.89
14/03/2014,74.9557,37.7
17/03/2014,75.2486,38.05
18/03/2014,75.9143,39.55
19/03/2014,75.8943,39.27
20/03/2014,75.5286,40.33
21/03/2014,76.1243,40.16
24/03/2014,77.0271,40.5
25/03/2014,77.8557,40.34
26/03/2014,77.1114,39.79
27/03/2014,76.78,39.36
28/03/2014,76.6943,40.3
31/03/2014,76.6771,40.99
01/04/2014,77.3786,41.42
02/04/2014,77.5071,41.35
03/04/2014,76.97,41.01
04/04/2014,75.9743,39.87
07/04/2014,74.7814,39.8
08/04/2014,74.7771,39.82
09/04/2014,75.76,40.47
10/04/2014,74.7829,39.36
11/04/2014,74.23,39.209
14/04/2014,74.5257,39.18
15/04/2014,73.9943,39.75
16/04/2014,74.1443,40.4
17/04/2014,74.9914,40.01
21/04/2014,75.8814,39.94
22/04/2014,75.957,39.99
23/04/2014,74.9643,39.69
24/04/2014,81.11,39.86
25/04/2014,81.7057,39.91
28/04/2014,84.87,40.87
29/04/2014,84.6186,40.51
30/04/2014,84.2986,40.4
01/05/2014,84.4971,40
02/05/2014,84.6543,39.69
05/05/2014,85.8514,39.43
06/05/2014,84.9157,39.06
07/05/2014,84.6186,39.425
08/05/2014,83.9986,39.64
09/05/2014,83.6489,39.54
12/05/2014,84.69,39.97
13/05/2014,84.8229,40.42
14/05/2014,84.8386,40.24
15/05/2014,84.1171,39.6
16/05/2014,85.3586,39.83
19/05/2014,86.37,39.75
20/05/2014,86.3871,39.68
21/05/2014,86.6157,40.35
22/05/2014,86.7529,40.1
23/05/2014,87.7329,40.12
27/05/2014,89.3757,40.19
28/05/2014,89.1443,40.01
29/05/2014,90.7686,40.34
30/05/2014,90.4286,40.94
02/06/2014,89.8071,40.79
03/06/2014,91.0771,40.29
04/06/2014,92.1171,40.32
05/06/2014,92.4786,41.21
06/06/2014,92.2243,41.48
09/06/2014,93.7,41.27
10/06/2014,94.25,41.11
11/06/2014,93.86,40.86
12/06/2014,92.29,40.58
13/06/2014,91.28,41.23
16/06/2014,92.2,41.5
17/06/2014,92.08,41.68
18/06/2014,92.18,41.65
19/06/2014,91.86,41.51
20/06/2014,90.91,41.68
23/06/2014,90.83,41.99
24/06/2014,90.28,41.745
25/06/2014,90.36,42.03
26/06/2014,90.9,41.72
27/06/2014,91.98,42.25
30/06/2014,92.93,41.7
01/07/2014,93.52,41.87
02/07/2014,93.48,41.9
03/07/2014,94.03,41.8
07/07/2014,95.968,41.99
08/07/2014,95.35,41.78
09/07/2014,95.39,41.67
10/07/2014,95.035,41.685
11/07/2014,95.22,42.09
14/07/2014,96.45,42.14
15/07/2014,95.32,42.45
16/07/2014,94.78,44.08
17/07/2014,93.0899,44.53
18/07/2014,94.43,44.69
21/07/2014,93.939,44.835
22/07/2014,94.72,44.83
23/07/2014,97.19,44.87
24/07/2014,97.03,44.4
25/07/2014,97.671,44.5
28/07/2014,99.02,43.97
29/07/2014,98.38,43.885
30/07/2014,98.15,43.5785
31/07/2014,95.6,43.16
01/08/2014,96.13,42.86
04/08/2014,95.59,43.37
05/08/2014,95.12,43.08
06/08/2014,94.96,42.74
07/08/2014,94.48,43.23
08/08/2014,94.74,43.2
11/08/2014,95.99,43.2
12/08/2014,95.97,43.52
13/08/2014,97.24,44.08
14/08/2014,97.5,44.27
15/08/2014,97.98,44.79
18/08/2014,99.16,45.11
19/08/2014,100.53,45.33
20/08/2014,100.57,44.95
21/08/2014,100.58,45.22
22/08/2014,101.32,45.15
25/08/2014,101.54,45.17
26/08/2014,100.889,45.005
27/08/2014,102.13,44.87
28/08/2014,102.25,44.88
29/08/2014,102.5,45.43
02/09/2014,103.3,45.09
03/09/2014,98.94,44.96
04/09/2014,98.12,45.26
05/09/2014,98.97,45.91
08/09/2014,98.36,46.47
09/09/2014,97.99,46.76
10/09/2014,101,46.84
11/09/2014,101.43,47
12/09/2014,101.66,46.695
15/09/2014,101.63,46.24
16/09/2014,100.86,46.76
17/09/2014,101.58,46.52
18/09/2014,101.79,46.68
19/09/2014,100.96,47.52
22/09/2014,101.06,47.06
23/09/2014,102.64,46.56
24/09/2014,101.75,47.08
25/09/2014,97.87,46.04
26/09/2014,100.75,46.41
29/09/2014,100.11,46.44
30/09/2014,100.75,46.36
01/10/2014,99.18,45.9
02/10/2014,99.9,45.76
03/10/2014,99.62,46.09
06/10/2014,99.62,46.09
07/10/2014,98.75,45.53
08/10/2014,100.8,46.78
09/10/2014,101.02,45.85
10/10/2014,100.73,44.03
13/10/2014,99.81,43.65
14/10/2014,98.75,43.73
15/10/2014,97.54,43.22
16/10/2014,96.26,42.74
17/10/2014,97.67,43.63
20/10/2014,99.76,44.08
21/10/2014,102.47,44.88
22/10/2014,102.99,44.38
23/10/2014,104.83,45.02
24/10/2014,105.22,46.13
27/10/2014,105.11,45.91
28/10/2014,106.74,46.49
29/10/2014,107.34,46.62
30/10/2014,106.98,46.05
31/10/2014,108,46.95
03/11/2014,109.4,47.44
04/11/2014,108.6,47.57
05/11/2014,108.86,47.86
06/11/2014,108.7,48.7
07/11/2014,109.01,48.68
10/11/2014,108.83,48.89
11/11/2014,109.7,48.87
12/11/2014,111.25,48.78
13/11/2014,112.82,49.61
14/11/2014,114.18,49.58
17/11/2014,113.99,49.46
18/11/2014,115.47,48.74
19/11/2014,114.67,48.22
20/11/2014,116.31,48.7
21/11/2014,116.47,47.98
24/11/2014,118.625,47.59
25/11/2014,117.6,47.47
26/11/2014,119,47.75
28/11/2014,118.93,47.81
01/12/2014,115.07,48.62
02/12/2014,114.63,48.46
03/12/2014,115.93,48.08
04/12/2014,115.49,48.84
05/12/2014,115,48.42
08/12/2014,112.4,47.695
09/12/2014,114.12,47.59
10/12/2014,111.95,46.9
11/12/2014,111.62,47.17
12/12/2014,109.73,46.95
15/12/2014,108.225,46.67
16/12/2014,106.745,45.16
17/12/2014,109.41,45.74
18/12/2014,112.65,47.52
19/12/2014,111.78,47.66
22/12/2014,112.94,47.98
23/12/2014,112.54,48.45
24/12/2014,112.01,48.14
26/12/2014,113.99,47.88
29/12/2014,113.91,47.45
30/12/2014,112.52,47.02
31/12/2014,110.38,46.45
02/01/2015,109.33,46.76
05/01/2015,106.25,46.325
06/01/2015,106.26,45.65
07/01/2015,107.75,46.23
08/01/2015,111.89,47.59
09/01/2015,112.01,47.19
12/01/2015,109.25,46.6
13/01/2015,110.22,46.355
14/01/2015,109.8,45.955
15/01/2015,106.82,45.48
16/01/2015,105.99,46.24
20/01/2015,108.72,46.39
21/01/2015,109.55,45.92
22/01/2015,112.4,47.13
23/01/2015,112.98,47.18
26/01/2015,113.1,47.01
27/01/2015,109.14,42.66
28/01/2015,115.31,41.19
29/01/2015,118.9,42.01
30/01/2015,117.16,40.4
02/02/2015,118.63,41.28
03/02/2015,118.65,41.6
04/02/2015,119.56,41.84
05/02/2015,119.94,42.45
06/02/2015,118.93,42.41
09/02/2015,119.72,42.36
10/02/2015,122.02,42.6
11/02/2015,124.88,42.38
12/02/2015,126.46,43.09
13/02/2015,127.08,43.87
17/02/2015,127.83,43.58
18/02/2015,128.715,43.53
19/02/2015,128.45,43.5
20/02/2015,129.495,43.855
23/02/2015,133,44.15
24/02/2015,132.17,44.09
25/02/2015,128.79,43.99
26/02/2015,130.415,44.055
27/02/2015,128.46,43.85
02/03/2015,129.09,43.88
03/03/2015,129.36,43.28
04/03/2015,128.54,43.055
05/03/2015,126.41,43.11
06/03/2015,126.6,42.36
09/03/2015,127.14,42.85
10/03/2015,124.51,42.03
11/03/2015,122.24,41.98
12/03/2015,124.45,41.02
13/03/2015,123.59,41.38
16/03/2015,124.95,41.56
17/03/2015,127.04,41.695
18/03/2015,128.47,42.5
19/03/2015,127.495,42.285
20/03/2015,125.9,42.88
23/03/2015,127.21,42.855
24/03/2015,126.69,42.9
25/03/2015,123.38,41.46
26/03/2015,124.24,41.21
27/03/2015,123.25,40.97
30/03/2015,126.37,40.96
31/03/2015,124.43,40.655
01/04/2015,124.25,40.72
02/04/2015,125.32,40.29
06/04/2015,127.35,41.545
07/04/2015,126.01,41.53
08/04/2015,125.6,41.42
09/04/2015,126.56,41.48
10/04/2015,127.1,41.72
13/04/2015,126.85,41.76
14/04/2015,126.3,41.65
15/04/2015,126.78,42.255
16/04/2015,126.17,42.16
17/04/2015,124.75,41.615
20/04/2015,127.6,42.905
21/04/2015,126.91,42.635
22/04/2015,128.62,42.985
23/04/2015,129.67,43.34
24/04/2015,130.28,47.87
27/04/2015,132.65,48.03
28/04/2015,130.56,49.155
29/04/2015,128.64,49.06
30/04/2015,125.15,48.64
01/05/2015,128.95,48.655
04/05/2015,128.7,48.24
05/05/2015,125.8,47.6
06/05/2015,125.01,46.28
07/05/2015,125.26,46.7
08/05/2015,127.62,47.75
11/05/2015,126.32,47.37
12/05/2015,125.865,47.35
13/05/2015,126.01,47.625
14/05/2015,128.95,48.72
15/05/2015,128.77,48.295
18/05/2015,130.19,48.01
19/05/2015,130.07,47.58
20/05/2015,130.06,47.58
21/05/2015,131.39,47.42
22/05/2015,132.54,46.9
26/05/2015,129.62,46.59
27/05/2015,132.045,47.61
28/05/2015,131.78,47.45
29/05/2015,130.28,46.86
01/06/2015,130.535,47.23
02/06/2015,129.96,46.92
03/06/2015,130.12,46.85
04/06/2015,129.36,46.36
05/06/2015,128.65,46.14
08/06/2015,127.8,45.73
09/06/2015,127.42,45.65
10/06/2015,128.88,46.61
11/06/2015,128.59,46.44
12/06/2015,127.17,45.97
15/06/2015,126.92,45.475
16/06/2015,127.6,45.83
17/06/2015,127.3,45.97
18/06/2015,127.88,46.72
19/06/2015,126.6,46.1
22/06/2015,127.61,46.23
23/06/2015,127.03,45.91
24/06/2015,128.11,45.635
25/06/2015,127.5,45.65
26/06/2015,126.75,45.26
29/06/2015,124.53,44.37
30/06/2015,125.425,44.15
01/07/2015,126.6,44.445
02/07/2015,126.44,44.4
06/07/2015,126,44.39
07/07/2015,125.69,44.3
08/07/2015,122.57,44.24
09/07/2015,120.07,44.52
10/07/2015,123.28,44.61
13/07/2015,125.66,45.54
14/07/2015,125.61,45.62
15/07/2015,126.82,45.76
16/07/2015,128.51,46.66
17/07/2015,129.62,46.62
20/07/2015,132.07,46.92
21/07/2015,130.75,47.28
22/07/2015,125.22,45.54
23/07/2015,125.16,46.11
24/07/2015,124.5,45.94
27/07/2015,122.77,45.35
28/07/2015,123.38,45.34
29/07/2015,122.99,46.29
30/07/2015,122.37,46.88
31/07/2015,121.3,46.7
03/08/2015,118.44,46.81
04/08/2015,114.64,47.54
05/08/2015,115.4,47.58
06/08/2015,115.13,46.62
07/08/2015,115.52,46.74
10/08/2015,119.72,47.33
11/08/2015,113.49,46.41
12/08/2015,115.24,46.74
13/08/2015,115.15,46.73
14/08/2015,115.96,47
17/08/2015,117.16,47.32
18/08/2015,116.5,47.27
19/08/2015,115.01,46.61
20/08/2015,112.65,45.66
21/08/2015,105.76,43.07
24/08/2015,103.12,41.68
25/08/2015,103.74,40.47
26/08/2015,109.69,42.71
27/08/2015,112.92,43.9
28/08/2015,113.29,43.93
31/08/2015,112.76,43.52
01/09/2015,107.72,41.82
02/09/2015,112.34,43.36
03/09/2015,110.37,43.5
04/09/2015,109.27,42.61
08/09/2015,112.31,43.89
09/09/2015,110.15,43.07
10/09/2015,112.57,43.29
11/09/2015,114.21,43.48
14/09/2015,115.31,43.04
15/09/2015,116.28,43.98
16/09/2015,116.41,44.3
17/09/2015,113.92,44.25
18/09/2015,113.45,43.48
21/09/2015,115.21,44.11
22/09/2015,113.4,43.9
23/09/2015,114.32,43.87
24/09/2015,115,43.91
25/09/2015,114.71,43.94
28/09/2015,112.44,43.29
29/09/2015,109.06,43.44
30/09/2015,109.95,44.2
01/10/2015,109.58,44.61
02/10/2015,110.38,45.57
05/10/2015,110.78,46.63
06/10/2015,111.31,46.75
07/10/2015,110.78,46.8
08/10/2015,109.5,47.45
09/10/2015,112.12,47.11
12/10/2015,111.6,47
13/10/2015,111.79,46.89
14/10/2015,110.21,46.68
15/10/2015,111.86,47.01
16/10/2015,111.04,47.51
19/10/2015,111.73,47.62
20/10/2015,113.77,47.77
21/10/2015,113.76,47.2
22/10/2015,115.5,48.03
23/10/2015,119.08,52.87
26/10/2015,115.28,54.25
27/10/2015,114.55,53.69
28/10/2015,119.27,53.98
29/10/2015,120.53,53.36
30/10/2015,119.5,52.64
02/11/2015,121.18,53.24
03/11/2015,122.57,54.15
04/11/2015,122,54.4
05/11/2015,120.92,54.38
06/11/2015,121.06,54.92
09/11/2015,120.57,54.16
10/11/2015,116.77,53.51
11/11/2015,116.11,53.65
12/11/2015,115.72,53.32
13/11/2015,112.34,52.84
16/11/2015,114.175,53.765
17/11/2015,113.69,52.97
18/11/2015,117.29,53.85
19/11/2015,118.78,53.94
20/11/2015,119.3,54.19
23/11/2015,117.75,54.19
24/11/2015,118.88,54.25
25/11/2015,118.03,53.69
27/11/2015,117.81,53.93
30/11/2015,118.3,54.35
01/12/2015,117.34,55.22
02/12/2015,116.28,55.21
03/12/2015,115.2,54.2
04/12/2015,119.03,55.91
07/12/2015,118.28,55.81
08/12/2015,118.23,55.79
09/12/2015,115.62,54.98
10/12/2015,116.17,55.27
11/12/2015,113.18,54.06
14/12/2015,112.48,55.14
15/12/2015,110.49,55.2
16/12/2015,111.34,56.13
17/12/2015,108.98,55.7
18/12/2015,106.03,54.13
21/12/2015,107.33,54.83
22/12/2015,107.23,55.35
23/12/2015,108.61,55.82
24/12/2015,108.03,55.67
28/12/2015,106.82,55.95
29/12/2015,108.74,56.55
30/12/2015,107.32,56.31
31/12/2015,105.26,55.48
04/01/2016,105.35,54.8
05/01/2016,102.71,55.05
06/01/2016,100.7,54.05
07/01/2016,96.45,52.17
08/01/2016,96.96,52.33
11/01/2016,98.53,52.3
12/01/2016,99.96,52.78
13/01/2016,97.39,51.64
14/01/2016,99.52,53.11
15/01/2016,97.13,50.99
19/01/2016,96.66,50.56
20/01/2016,96.79,50.79
21/01/2016,96.3,50.48
22/01/2016,101.42,52.29
25/01/2016,99.44,51.79
26/01/2016,99.99,52.17
27/01/2016,93.42,51.22
28/01/2016,94.09,52.055
29/01/2016,97.34,55.09
01/02/2016,96.43,54.71
02/02/2016,94.48,53
03/02/2016,96.35,52.16
04/02/2016,96.6,52
05/02/2016,94.02,50.16
08/02/2016,95.01,49.41
09/02/2016,94.99,49.28
10/02/2016,94.27,49.71
11/02/2016,93.7,49.69
12/02/2016,93.99,50.5
16/02/2016,96.64,51.09
17/02/2016,98.12,52.42
18/02/2016,96.26,52.19
19/02/2016,96.04,51.82
22/02/2016,96.88,52.65
23/02/2016,94.69,51.18
24/02/2016,96.1,51.36
25/02/2016,96.76,52.1
26/02/2016,96.91,51.3
29/02/2016,96.69,50.88
01/03/2016,100.53,52.58
02/03/2016,100.75,52.95
03/03/2016,101.5,52.35
04/03/2016,103.01,52.03
07/03/2016,101.87,51.03
08/03/2016,101.03,51.65
09/03/2016,101.12,52.84
10/03/2016,101.17,52.05
11/03/2016,102.26,53.07
14/03/2016,102.52,53.17
15/03/2016,104.58,53.59
16/03/2016,105.97,54.35
17/03/2016,105.8,54.66
18/03/2016,105.92,53.49
21/03/2016,105.91,53.86
22/03/2016,106.72,54.07
23/03/2016,106.13,53.97
24/03/2016,105.67,54.21
28/03/2016,105.19,53.54
29/03/2016,107.68,54.71
30/03/2016,109.56,55.05
31/03/2016,108.99,55.23
01/04/2016,109.99,55.57
04/04/2016,111.12,55.43
05/04/2016,109.81,54.56
06/04/2016,110.96,55.12
07/04/2016,108.54,54.46
08/04/2016,108.66,54.42
11/04/2016,109.02,54.31
12/04/2016,110.44,54.65
13/04/2016,112.04,55.35
14/04/2016,112.1,55.36
15/04/2016,109.85,55.65
18/04/2016,107.48,56.46
19/04/2016,106.91,56.39
20/04/2016,107.13,55.59
21/04/2016,105.97,55.78
22/04/2016,105.68,51.78
25/04/2016,105.08,52.11
26/04/2016,104.35,51.44
27/04/2016,97.82,50.94
28/04/2016,94.83,49.9
29/04/2016,93.74,49.87
02/05/2016,93.64,50.61
03/05/2016,95.18,49.78
04/05/2016,94.19,49.87
05/05/2016,93.24,49.94
06/05/2016,92.72,50.39
09/05/2016,92.79,50.07
10/05/2016,93.42,51.02
11/05/2016,92.51,51.05
12/05/2016,90.34,51.51
13/05/2016,90.52,51.08
16/05/2016,93.88,51.83
17/05/2016,93.49,50.51
18/05/2016,94.56,50.81
19/05/2016,94.2,50.32
20/05/2016,95.22,50.62
23/05/2016,96.43,50.03
24/05/2016,97.9,51.59
25/05/2016,99.62,52.12
26/05/2016,100.41,51.89
27/05/2016,100.35,52.32
31/05/2016,99.86,53
01/06/2016,98.46,52.85
02/06/2016,97.72,52.48
03/06/2016,97.92,51.79
06/06/2016,98.63,52.13
07/06/2016,99.03,52.1
08/06/2016,98.94,52.04
09/06/2016,99.65,51.62
10/06/2016,98.83,51.48
13/06/2016,97.34,50.14
14/06/2016,97.46,49.83
15/06/2016,97.14,49.69
16/06/2016,97.55,50.39
17/06/2016,95.33,50.13
20/06/2016,95.1,50.07
21/06/2016,95.91,51.19
22/06/2016,95.55,50.99
23/06/2016,96.1,51.91
24/06/2016,93.4,49.83
27/06/2016,92.04,48.43
28/06/2016,93.59,49.44
29/06/2016,94.4,50.54
30/06/2016,95.6,51.17
01/07/2016,95.89,51.16
05/07/2016,94.99,51.17
06/07/2016,95.53,51.38
07/07/2016,95.94,51.38
08/07/2016,96.68,52.3
11/07/2016,96.98,52.59
12/07/2016,97.42,53.21
13/07/2016,96.87,53.51
14/07/2016,98.79,53.74
15/07/2016,98.78,53.7
18/07/2016,99.83,53.96
19/07/2016,99.87,53.09
20/07/2016,99.96,55.91
21/07/2016,99.43,55.8
22/07/2016,98.66,56.57
25/07/2016,97.34,56.73
26/07/2016,96.67,56.76
27/07/2016,102.95,56.19
28/07/2016,104.34,56.21
29/07/2016,104.21,56.68
01/08/2016,106.05,56.58
02/08/2016,104.48,56.58
03/08/2016,105.79,56.97
04/08/2016,105.87,57.39
05/08/2016,107.48,57.96
08/08/2016,108.37,58.06
09/08/2016,108.81,58.2
10/08/2016,108,58.02
11/08/2016,107.93,58.3
12/08/2016,108.18,57.94
15/08/2016,109.48,58.12
16/08/2016,109.38,57.44
17/08/2016,109.22,57.56
18/08/2016,109.08,57.6
19/08/2016,109.36,57.62
22/08/2016,108.51,57.67
23/08/2016,108.85,57.89
24/08/2016,108.03,57.95
25/08/2016,107.57,58.17
26/08/2016,106.94,58.03
29/08/2016,106.82,58.1
30/08/2016,106,57.89
31/08/2016,106.1,57.46
01/09/2016,106.73,57.59
02/09/2016,107.73,57.67
06/09/2016,107.7,57.61
07/09/2016,108.36,57.66
08/09/2016,105.52,57.43
09/09/2016,103.13,56.21
12/09/2016,105.44,57.05
13/09/2016,107.95,56.53
14/09/2016,111.77,56.26
15/09/2016,115.57,57.19
16/09/2016,114.92,57.25
19/09/2016,113.58,56.93
20/09/2016,113.57,56.81
21/09/2016,113.55,57.76
22/09/2016,114.62,57.82
23/09/2016,112.71,57.43
26/09/2016,112.88,56.9
27/09/2016,113.09,57.95
28/09/2016,113.95,58.03
29/09/2016,112.18,57.4
30/09/2016,113.05,57.6
03/10/2016,112.52,57.42
04/10/2016,113,57.24
05/10/2016,113.05,57.64
06/10/2016,113.89,57.74
07/10/2016,114.06,57.8
10/10/2016,116.05,58.04
11/10/2016,116.3,57.19
12/10/2016,117.34,57.11
13/10/2016,116.98,56.92
14/10/2016,117.63,57.42
17/10/2016,117.55,57.22
18/10/2016,117.47,57.66
19/10/2016,117.12,57.53
20/10/2016,117.06,57.25
21/10/2016,116.6,59.66
24/10/2016,117.65,61
25/10/2016,118.25,60.99
26/10/2016,115.59,60.63
27/10/2016,114.48,60.1
28/10/2016,113.72,59.87
31/10/2016,113.54,59.92
01/11/2016,111.49,59.8
02/11/2016,111.59,59.43
03/11/2016,109.83,59.21
04/11/2016,108.84,58.71
07/11/2016,110.41,60.42
08/11/2016,111.06,60.47
09/11/2016,110.88,60.17
10/11/2016,107.79,58.7
11/11/2016,108.43,59.02
14/11/2016,105.71,58.12
15/11/2016,107.11,58.87
16/11/2016,109.99,59.65
17/11/2016,109.95,60.64
18/11/2016,110.06,60.35
21/11/2016,111.73,60.86
22/11/2016,111.8,61.12
23/11/2016,111.23,60.4
25/11/2016,111.79,60.53
28/11/2016,111.57,60.61
29/11/2016,111.46,61.09
30/11/2016,110.52,60.26
01/12/2016,109.49,59.2
02/12/2016,109.9,59.25
05/12/2016,109.11,60.22
06/12/2016,109.95,59.95
07/12/2016,111.03,61.37
08/12/2016,112.12,61.01
09/12/2016,113.95,61.97
12/12/2016,113.3,62.17
13/12/2016,115.19,62.98
14/12/2016,115.19,62.68
15/12/2016,115.82,62.58
16/12/2016,115.97,62.3
19/12/2016,116.64,63.62
20/12/2016,116.95,63.54
21/12/2016,117.06,63.54
22/12/2016,116.29,63.55
23/12/2016,116.52,63.24
27/12/2016,117.26,63.28
28/12/2016,116.76,62.99
29/12/2016,116.73,62.9
30/12/2016,115.82,62.14
03/01/2017,116.15,62.58
04/01/2017,116.02,62.3
05/01/2017,116.61,62.3
06/01/2017,117.91,62.84
09/01/2017,118.99,62.64
10/01/2017,119.11,62.62
11/01/2017,119.75,63.19
12/01/2017,119.25,62.61
13/01/2017,119.04,62.7
17/01/2017,120,62.53
18/01/2017,119.99,62.5
19/01/2017,119.78,62.3
20/01/2017,120,62.74
23/01/2017,120.08,62.96
24/01/2017,119.97,63.52
25/01/2017,121.88,63.68
26/01/2017,121.94,64.27
27/01/2017,121.95,65.78
30/01/2017,121.63,65.13
31/01/2017,121.35,64.65
01/02/2017,128.75,63.58
02/02/2017,128.53,63.17
03/02/2017,129.08,63.68
06/02/2017,130.29,63.64
07/02/2017,131.53,63.43
08/02/2017,132.04,63.34
09/02/2017,132.42,64.06
10/02/2017,132.12,64
13/02/2017,133.29,64.72
14/02/2017,135.02,64.57
15/02/2017,135.51,64.53
16/02/2017,135.345,64.52
17/02/2017,135.72,64.62
21/02/2017,136.7,64.49
22/02/2017,137.11,64.36
23/02/2017,136.53,64.62
24/02/2017,136.66,64.62
27/02/2017,136.93,64.23
28/02/2017,136.99,63.98
01/03/2017,139.79,64.94
02/03/2017,138.96,64.01
03/03/2017,139.78,64.25
06/03/2017,139.34,64.27
07/03/2017,139.52,64.4
08/03/2017,139,64.99
09/03/2017,138.68,64.73
10/03/2017,139.14,64.93
13/03/2017,139.2,64.71
14/03/2017,138.99,64.41
15/03/2017,140.46,64.75
16/03/2017,140.69,64.64
17/03/2017,139.99,64.87
20/03/2017,141.46,64.93
21/03/2017,139.84,64.21
22/03/2017,141.42,65.03
23/03/2017,140.92,64.87
24/03/2017,140.64,64.98
27/03/2017,140.88,65.1
28/03/2017,143.8,65.29
29/03/2017,144.12,65.47
30/03/2017,143.93,65.71
31/03/2017,143.66,65.86
03/04/2017,143.7,65.55
04/04/2017,144.77,65.73
05/04/2017,144.02,65.56
06/04/2017,143.66,65.73
07/04/2017,143.34,65.68
10/04/2017,143.17,65.53
11/04/2017,141.63,65.48
12/04/2017,141.8,65.23
13/04/2017,141.05,64.95
17/04/2017,141.83,65.48
18/04/2017,141.2,65.39
19/04/2017,140.68,65.04
20/04/2017,142.44,65.5
21/04/2017,142.27,66.4
24/04/2017,143.64,67.53
25/04/2017,144.53,67.92
26/04/2017,143.68,67.83
27/04/2017,143.79,68.27
28/04/2017,143.65,68.46
01/05/2017,146.58,69.41
02/05/2017,147.51,69.3
03/05/2017,147.06,69.08
04/05/2017,146.53,68.81
05/05/2017,148.96,69
08/05/2017,153.01,68.94
09/05/2017,153.99,69.04
10/05/2017,153.26,69.31
11/05/2017,153.95,68.46
12/05/2017,156.1,68.38
15/05/2017,155.7,68.43
16/05/2017,155.47,69.41
17/05/2017,150.25,67.48
18/05/2017,152.54,67.71
19/05/2017,153.06,67.69
22/05/2017,153.99,68.45
23/05/2017,153.8,68.68
24/05/2017,153.34,68.77
25/05/2017,153.87,69.62
26/05/2017,153.61,69.96
30/05/2017,153.67,70.41
31/05/2017,152.76,69.84
01/06/2017,153.18,70.1
02/06/2017,155.45,71.76
05/06/2017,153.93,72.28
06/06/2017,154.45,72.52
07/06/2017,155.37,72.39
08/06/2017,154.99,71.95
09/06/2017,148.98,70.32
12/06/2017,145.42,69.78
13/06/2017,146.59,70.65
14/06/2017,145.16,70.27
15/06/2017,144.29,69.9
16/06/2017,142.27,70
19/06/2017,146.34,70.87
20/06/2017,145.01,69.91
21/06/2017,145.87,70.27
22/06/2017,145.63,70.26
23/06/2017,146.28,71.21
26/06/2017,145.82,70.53
27/06/2017,143.73,69.21
28/06/2017,145.83,69.8
29/06/2017,143.68,68.49
30/06/2017,144.02,68.93
03/07/2017,143.5,68.17
05/07/2017,144.09,69.08
06/07/2017,142.73,68.57
07/07/2017,144.18,69.46
10/07/2017,145.06,69.98
11/07/2017,145.53,69.99
12/07/2017,145.74,71.15
13/07/2017,147.77,71.77
14/07/2017,149.04,72.78
17/07/2017,149.56,73.35
18/07/2017,150.08,73.3
19/07/2017,151.02,73.86
20/07/2017,150.34,74.22
21/07/2017,150.27,73.79
24/07/2017,152.09,73.6
25/07/2017,152.74,74.19
26/07/2017,153.46,74.05
27/07/2017,150.56,73.16
28/07/2017,149.5,73.04
31/07/2017,148.73,72.7
01/08/2017,150.05,72.58
02/08/2017,157.14,72.26
03/08/2017,155.57,72.15
04/08/2017,156.39,72.68
07/08/2017,158.81,72.4
08/08/2017,160.08,72.79
09/08/2017,161.06,72.47
10/08/2017,155.32,71.41
11/08/2017,157.48,72.5
14/08/2017,159.85,73.59
15/08/2017,161.6,73.22
16/08/2017,160.95,73.65
17/08/2017,157.86,72.4
18/08/2017,157.5,72.49
21/08/2017,157.21,72.15
22/08/2017,159.78,73.16
23/08/2017,159.98,72.72
24/08/2017,159.27,72.69
25/08/2017,159.86,72.82
28/08/2017,161.47,72.83
29/08/2017,162.91,73.05
30/08/2017,163.35,74.01
31/08/2017,164,74.77
01/09/2017,164.05,73.94
05/09/2017,162.08,73.61
06/09/2017,161.91,73.4
07/09/2017,161.26,74.34
08/09/2017,158.63,73.98
11/09/2017,161.5,74.76
12/09/2017,160.86,74.68
13/09/2017,159.65,75.21
14/09/2017,158.28,74.77
15/09/2017,159.88,75.31
18/09/2017,158.67,75.16
19/09/2017,158.73,75.44
20/09/2017,156.07,74.94
21/09/2017,153.39,74.21
22/09/2017,151.89,74.41
25/09/2017,150.55,73.26
26/09/2017,153.14,73.26
27/09/2017,154.23,73.85
28/09/2017,153.28,73.87
29/09/2017,154.12,74.49
02/10/2017,153.81,74.61
03/10/2017,154.48,74.26
04/10/2017,153.48,74.69
05/10/2017,155.39,75.97
06/10/2017,155.3,76
09/10/2017,155.84,76.29
10/10/2017,155.9,76.29
11/10/2017,156.55,76.42
12/10/2017,156,77.12
13/10/2017,156.99,77.49
16/10/2017,159.88,77.65
17/10/2017,160.47,77.59
18/10/2017,159.76,77.61
19/10/2017,155.98,77.91
20/10/2017,156.25,78.81
23/10/2017,156.17,78.83
24/10/2017,157.1,78.86
25/10/2017,156.41,78.63
26/10/2017,157.41,78.76
27/10/2017,163.05,83.81
30/10/2017,166.72,83.89
31/10/2017,169.04,83.18
01/11/2017,166.89,83.18
02/11/2017,168.11,84.05
03/11/2017,172.5,84.14
06/11/2017,174.25,84.47
07/11/2017,174.81,84.27
08/11/2017,176.24,84.56
09/11/2017,175.88,84.09
10/11/2017,174.67,83.87
13/11/2017,173.97,83.93
14/11/2017,171.34,84.05
15/11/2017,169.08,82.98
16/11/2017,171.1,83.2
17/11/2017,170.15,82.4
20/11/2017,169.98,82.53
21/11/2017,173.14,83.72
22/11/2017,174.96,83.11
24/11/2017,174.97,83.26
27/11/2017,174.09,83.87
28/11/2017,173.07,84.88
29/11/2017,169.48,83.34
30/11/2017,171.85,84.17
01/12/2017,171.05,84.26
04/12/2017,169.8,81.08
05/12/2017,169.64,81.59
06/12/2017,169.01,82.78
07/12/2017,169.32,82.49
08/12/2017,169.37,84.16
11/12/2017,172.67,85.23
12/12/2017,171.7,85.58
13/12/2017,172.27,85.35
14/12/2017,172.22,84.69
15/12/2017,173.97,86.85
18/12/2017,176.42,86.38
19/12/2017,174.54,85.83
20/12/2017,174.35,85.52
21/12/2017,175.01,85.5
22/12/2017,175.01,85.51
26/12/2017,170.57,85.4
27/12/2017,170.6,85.71
28/12/2017,171.08,85.72
29/12/2017,169.23,85.54
02/01/2018,172.26,85.95
03/01/2018,172.23,86.35
04/01/2018,173.03,87.11
05/01/2018,175,88.19
08/01/2018,174.35,88.28
09/01/2018,174.33,88.22
10/01/2018,174.29,87.82
11/01/2018,175.28,88.08
12/01/2018,177.09,89.6
16/01/2018,176.19,88.35
17/01/2018,179.1,90.14
18/01/2018,179.26,90.1
19/01/2018,178.46,90
22/01/2018,177,91.61
23/01/2018,177.04,91.9
24/01/2018,174.22,91.82
25/01/2018,171.11,92.33
26/01/2018,171.51,94.06
29/01/2018,167.96,93.92
30/01/2018,166.97,92.74
31/01/2018,167.43,95.01
01/02/2018,167.78,94.26
02/02/2018,160.5,91.78
05/02/2018,156.49,88
06/02/2018,163.03,91.33
07/02/2018,159.54,89.61
08/02/2018,155.15,85.01
09/02/2018,156.41,88.18
12/02/2018,162.71,89.13
13/02/2018,164.34,89.83
14/02/2018,167.37,90.81
15/02/2018,172.99,92.66
16/02/2018,172.43,92
20/02/2018,171.85,92.72
21/02/2018,171.07,91.49
22/02/2018,172.5,91.73
23/02/2018,175.5,94.06
26/02/2018,178.97,95.42
27/02/2018,178.39,94.2
28/02/2018,178.12,93.77
01/03/2018,175,92.85
02/03/2018,176.21,93.05
05/03/2018,176.82,93.64
06/03/2018,176.67,93.32
07/03/2018,175.03,93.86
08/03/2018,176.94,94.43
09/03/2018,179.98,96.54
12/03/2018,181.72,96.77
13/03/2018,179.97,94.41
14/03/2018,178.44,93.85
15/03/2018,178.65,94.18
16/03/2018,178.02,94.6
19/03/2018,175.3,92.89
20/03/2018,175.24,93.13
21/03/2018,171.27,92.48
22/03/2018,168.85,89.79
23/03/2018,164.94,87.18
26/03/2018,172.77,93.78
27/03/2018,168.34,89.47
28/03/2018,166.48,89.39
29/03/2018,167.78,91.27
02/04/2018,166.68,88.52
03/04/2018,168.39,89.71
04/04/2018,171.61,92.33
05/04/2018,172.8,92.38
06/04/2018,168.38,90.23
09/04/2018,170.05,90.77
10/04/2018,173.25,92.88
11/04/2018,172.44,91.86
12/04/2018,174.14,93.58
13/04/2018,174.73,93.08
16/04/2018,175.82,94.17
17/04/2018,178.24,96.07
18/04/2018,177.84,96.44
19/04/2018,172.8,96.11
20/04/2018,165.72,95
23/04/2018,165.24,95.35
24/04/2018,162.94,93.12
25/04/2018,163.65,92.31
26/04/2018,164.22,94.26
27/04/2018,162.32,95.82
30/04/2018,165.26,93.52
01/05/2018,169.1,95
02/05/2018,176.57,93.51
03/05/2018,176.89,94.07
04/05/2018,183.83,95.16
07/05/2018,185.16,96.22
08/05/2018,186.05,95.81
09/05/2018,187.36,96.94
10/05/2018,190.04,97.91
11/05/2018,188.59,97.7
14/05/2018,188.15,98.03
15/05/2018,186.44,97.32
16/05/2018,188.18,97.15
17/05/2018,186.99,96.18
18/05/2018,186.31,96.36
21/05/2018,187.63,97.6
22/05/2018,187.16,97.5
23/05/2018,188.36,98.66
24/05/2018,188.15,98.31
25/05/2018,188.58,98.36
29/05/2018,187.9,98.01
30/05/2018,187.5,98.95
31/05/2018,186.87,98.84
01/06/2018,190.24,100.79
04/06/2018,191.83,101.67
05/06/2018,193.31,102.19
06/06/2018,193.98,102.49
07/06/2018,193.46,100.88
08/06/2018,191.7,101.63
11/06/2018,191.23,101.05
12/06/2018,192.28,101.31
13/06/2018,190.7,100.85
14/06/2018,190.8,101.42
15/06/2018,188.84,100.13
18/06/2018,188.74,100.86
19/06/2018,185.69,100.86
20/06/2018,186.5,101.87
21/06/2018,185.46,101.14
22/06/2018,184.92,100.41
25/06/2018,182.17,98.39
26/06/2018,184.43,99.08
27/06/2018,184.16,97.54
28/06/2018,185.5,98.63
29/06/2018,185.11,98.61
02/07/2018,187.18,100.01
03/07/2018,183.92,99.05
05/07/2018,185.4,99.76
06/07/2018,187.97,101.16
09/07/2018,190.58,101.85
10/07/2018,190.35,102.12
11/07/2018,187.88,101.98
12/07/2018,191.03,104.19
13/07/2018,191.33,105.43
16/07/2018,190.91,104.91
17/07/2018,191.45,105.95
18/07/2018,190.4,105.12
19/07/2018,191.88,104.4
20/07/2018,191.44,106.27
23/07/2018,191.61,107.97
24/07/2018,193,107.66
25/07/2018,194.82,110.83
26/07/2018,194.21,109.62
27/07/2018,190.98,107.68
30/07/2018,189.91,105.37
31/07/2018,190.29,106.08
01/08/2018,201.5,106.28
02/08/2018,207.39,107.57
03/08/2018,207.99,108.04
06/08/2018,209.07,108.13
07/08/2018,207.11,108.88
08/08/2018,207.25,109.49
09/08/2018,208.88,109.67
10/08/2018,207.53,109
13/08/2018,208.87,108.21
14/08/2018,209.75,109.56
15/08/2018,210.24,107.66
16/08/2018,213.32,107.64
17/08/2018,217.58,107.58
20/08/2018,215.46,106.87
21/08/2018,215.04,105.98
22/08/2018,215.05,107.06
23/08/2018,215.49,107.56
24/08/2018,216.16,108.4
27/08/2018,217.94,109.6
28/08/2018,219.7,110.26
29/08/2018,222.98,112.02
30/08/2018,225.03,111.95
31/08/2018,227.63,112.33
04/09/2018,228.36,111.71
05/09/2018,226.87,108.49
06/09/2018,223.1,108.74
07/09/2018,221.3,108.21
10/09/2018,218.33,109.38
11/09/2018,223.85,111.24
12/09/2018,221.07,111.71
13/09/2018,226.41,112.91
14/09/2018,223.84,113.37
17/09/2018,217.88,112.14
18/09/2018,218.24,113.21
19/09/2018,218.37,111.7
20/09/2018,220.03,113.57
21/09/2018,217.66,114.26
24/09/2018,220.79,114.67
25/09/2018,222.19,114.45
26/09/2018,220.42,113.98
27/09/2018,224.95,114.41
28/09/2018,225.74,114.37
01/10/2018,227.26,115.61
02/10/2018,229.28,115.15
03/10/2018,232.07,115.17
04/10/2018,227.99,112.79
05/10/2018,224.29,112.13
08/10/2018,223.77,110.85
09/10/2018,226.87,112.26
10/10/2018,216.36,106.16
11/10/2018,214.45,105.91
12/10/2018,222.11,109.57
15/10/2018,217.36,107.6
16/10/2018,222.15,111
17/10/2018,221.19,110.71
18/10/2018,216.02,108.5
19/10/2018,219.31,108.66
22/10/2018,220.65,109.63
23/10/2018,222.73,108.1
24/10/2018,215.09,102.32
25/10/2018,219.8,108.3
26/10/2018,216.3,106.96
29/10/2018,212.24,103.85
30/10/2018,213.3,103.73
31/10/2018,218.86,106.81
01/11/2018,222.22,105.92
02/11/2018,207.48,106.16
05/11/2018,201.59,107.51
06/11/2018,203.77,107.72
07/11/2018,209.95,111.96
08/11/2018,208.49,111.75
09/11/2018,204.47,109.57
12/11/2018,194.17,106.87
13/11/2018,192.23,106.94
14/11/2018,186.8,104.97
15/11/2018,191.41,107.28
16/11/2018,193.53,108.29
19/11/2018,185.86,104.62
20/11/2018,176.98,101.71
21/11/2018,176.78,103.11
23/11/2018,172.29,103.07
26/11/2018,174.62,106.47
27/11/2018,174.24,107.14
28/11/2018,180.94,111.12
29/11/2018,179.55,110.19
30/11/2018,178.58,110.89
03/12/2018,184.82,112.09
04/12/2018,176.69,108.52
06/12/2018,174.72,109.19
07/12/2018,168.49,104.82
10/12/2018,169.6,107.59
11/12/2018,168.63,108.59
12/12/2018,169.1,109.08
13/12/2018,170.95,109.45
14/12/2018,165.48,106.03
17/12/2018,163.94,102.89
18/12/2018,166.07,103.97
19/12/2018,160.89,103.69
20/12/2018,156.83,101.51
21/12/2018,150.73,98.23
24/12/2018,146.83,94.13
26/12/2018,157.17,100.56
27/12/2018,156.15,101.18
28/12/2018,156.23,100.39
31/12/2018,157.74,101.57
02/01/2019,157.92,101.12
03/01/2019,142.19,97.4
04/01/2019,148.26,101.93
07/01/2019,147.93,102.06
08/01/2019,150.75,102.8
09/01/2019,153.31,104.27
10/01/2019,153.8,103.6
11/01/2019,152.29,102.8
14/01/2019,150,102.05
15/01/2019,153.07,105.01
16/01/2019,154.94,105.38
17/01/2019,155.86,106.12
18/01/2019,156.82,107.71
22/01/2019,153.3,105.68
23/01/2019,153.92,106.71
24/01/2019,152.7,106.2
25/01/2019,157.76,107.17
28/01/2019,156.3,105.08
29/01/2019,154.68,102.94
30/01/2019,165.25,106.38
31/01/2019,166.44,104.43
01/02/2019,166.52,102.78
04/02/2019,171.25,105.74
05/02/2019,174.18,107.22
06/02/2019,174.24,106.03
07/02/2019,170.94,105.27
08/02/2019,170.41,105.67
11/02/2019,169.43,105.25
12/02/2019,170.89,106.89
13/02/2019,170.18,106.81
14/02/2019,170.8,106.9
15/02/2019,170.42,108.22
19/02/2019,170.93,108.17
20/02/2019,172.03,107.15
21/02/2019,171.06,109.41
22/02/2019,172.97,110.97
25/02/2019,174.23,111.59
26/02/2019,174.33,112.36
27/02/2019,174.87,112.17
28/02/2019,173.15,112.03
01/03/2019,174.97,112.53
04/03/2019,175.85,112.26
05/03/2019,175.53,111.7
06/03/2019,174.52,111.75
07/03/2019,172.5,110.39
08/03/2019,172.91,110.51
11/03/2019,178.9,112.83
12/03/2019,180.91,113.62
13/03/2019,181.71,114.5
14/03/2019,183.73,114.59
15/03/2019,186.12,115.91
18/03/2019,188.02,117.57
19/03/2019,186.53,117.65
20/03/2019,188.16,117.52
21/03/2019,195.09,120.22
22/03/2019,191.05,117.05
25/03/2019,188.74,117.66
26/03/2019,186.79,117.91
27/03/2019,188.47,116.77
28/03/2019,188.72,116.93
29/03/2019,189.95,117.94
01/04/2019,191.24,119.02
02/04/2019,194.02,119.19
03/04/2019,195.35,119.97
04/04/2019,195.69,119.36
05/04/2019,197,119.89
08/04/2019,200.1,119.93
09/04/2019,199.5,119.28
10/04/2019,200.62,120.19
11/04/2019,198.95,120.33
12/04/2019,198.87,120.95
15/04/2019,199.23,121.05
16/04/2019,199.25,120.77
17/04/2019,203.13,121.77
18/04/2019,203.86,123.37
22/04/2019,204.53,123.76
23/04/2019,207.48,125.44
24/04/2019,207.16,125.01
25/04/2019,205.28,129.15
26/04/2019,204.3,129.89
29/04/2019,204.61,129.77
30/04/2019,200.67,130.6
01/05/2019,210.52,127.88
02/05/2019,209.15,126.21
03/05/2019,211.75,128.9
06/05/2019,208.48,128.15
07/05/2019,202.86,125.52
08/05/2019,202.9,125.51
09/05/2019,200.72,125.5
10/05/2019,197.18,127.13
13/05/2019,185.72,123.35
14/05/2019,188.66,124.73
15/05/2019,190.92,126.02
16/05/2019,190.08,128.93
17/05/2019,189,128.07
20/05/2019,183.09,126.22
21/05/2019,186.6,126.9
22/05/2019,182.78,127.67
23/05/2019,179.66,126.18
24/05/2019,178.97,126.24
28/05/2019,178.23,126.16
29/05/2019,177.38,124.94
30/05/2019,178.3,125.73
31/05/2019,175.07,123.68
03/06/2019,173.3,119.84
04/06/2019,179.64,123.16
05/06/2019,182.54,125.83
06/06/2019,185.22,127.82
07/06/2019,190.15,131.4
10/06/2019,192.58,132.6
11/06/2019,194.81,132.1
12/06/2019,194.19,131.49
13/06/2019,194.15,132.32
14/06/2019,192.74,132.45
17/06/2019,193.89,132.85
18/06/2019,198.45,135.16
19/06/2019,197.87,135.69
20/06/2019,199.46,136.95
21/06/2019,198.78,136.97
24/06/2019,198.58,137.78
25/06/2019,195.57,133.43
26/06/2019,199.8,133.93
27/06/2019,199.74,134.15
28/06/2019,197.92,133.96
01/07/2019,201.55,135.68
02/07/2019,202.73,136.58
03/07/2019,204.41,137.46
05/07/2019,204.23,137.06
08/07/2019,200.02,136.96
09/07/2019,201.24,136.46
10/07/2019,203.23,137.85
11/07/2019,201.75,138.4
12/07/2019,203.3,138.9
15/07/2019,205.21,138.9
16/07/2019,204.5,137.08
17/07/2019,203.35,136.27
18/07/2019,205.66,136.42
19/07/2019,202.59,136.62
22/07/2019,207.22,138.43
23/07/2019,208.84,139.29
24/07/2019,208.67,140.72
25/07/2019,207.02,140.19
26/07/2019,207.74,141.34
29/07/2019,209.68,141.03
30/07/2019,208.78,140.35
31/07/2019,213.04,136.27
01/08/2019,208.43,138.06
02/08/2019,204.02,136.9
05/08/2019,193.34,132.21
06/08/2019,197,134.69
07/08/2019,199.04,135.28
08/08/2019,203.43,138.89
09/08/2019,200.99,137.71
12/08/2019,200.48,135.79
13/08/2019,208.97,138.6
14/08/2019,202.75,133.98
15/08/2019,201.74,133.68
16/08/2019,206.5,136.13
19/08/2019,210.35,138.41
20/08/2019,210.36,137.26
21/08/2019,212.64,138.79
22/08/2019,212.46,137.78
23/08/2019,202.64,133.39
26/08/2019,206.49,135.45
27/08/2019,204.16,135.74
28/08/2019,205.53,135.56
29/08/2019,209.01,138.12
30/08/2019,208.74,137.86
03/09/2019,205.7,136.04
04/09/2019,209.19,137.63
05/09/2019,213.28,140.05
06/09/2019,213.26,139.1
09/09/2019,214.17,137.52
10/09/2019,216.7,136.08
11/09/2019,223.59,136.12
12/09/2019,223.085,137.52
13/09/2019,218.75,137.32
16/09/2019,219.9,136.33
17/09/2019,220.7,137.39
18/09/2019,222.77,138.52
19/09/2019,220.96,141.07
20/09/2019,217.73,139.44
23/09/2019,218.72,139.14
24/09/2019,217.68,137.38
25/09/2019,221.03,139.36
26/09/2019,219.89,139.54
27/09/2019,218.82,137.73
30/09/2019,223.97,139.03
01/10/2019,224.59,137.07
02/10/2019,218.96,134.65
03/10/2019,220.82,136.28
04/10/2019,227.01,138.12
07/10/2019,227.06,137.12
08/10/2019,224.4,135.67
09/10/2019,227.03,138.24
10/10/2019,230.09,139.1
11/10/2019,236.21,139.68
14/10/2019,235.87,139.55
15/10/2019,235.32,141.575
16/10/2019,234.37,140.41
17/10/2019,235.28,139.69
18/10/2019,236.41,137.41
21/10/2019,240.51,138.43
22/10/2019,239.96,136.37
23/10/2019,243.18,137.24
24/10/2019,243.58,139.94
25/10/2019,246.58,140.73
28/10/2019,249.05,144.19
29/10/2019,243.29,142.83
30/10/2019,243.26,144.61
31/10/2019,248.76,143.37
01/11/2019,255.82,143.72
04/11/2019,257.5,144.55
05/11/2019,257.13,144.46
06/11/2019,257.24,144.06
07/11/2019,259.43,144.26
08/11/2019,260.14,145.96
11/11/2019,262.2,146.11
12/11/2019,261.96,147.07
13/11/2019,264.47,147.31
14/11/2019,262.64,148.06
15/11/2019,265.76,149.97
18/11/2019,267.1,150.34
19/11/2019,266.29,150.39
20/11/2019,263.19,149.62
21/11/2019,262.01,149.48
22/11/2019,261.78,149.59
25/11/2019,266.37,151.23
26/11/2019,264.29,152.03
27/11/2019,267.84,152.32
29/11/2019,267.25,151.38
02/12/2019,264.16,149.55
03/12/2019,259.45,149.31
04/12/2019,261.74,149.85
05/12/2019,265.58,149.93
06/12/2019,270.71,151.75
09/12/2019,266.92,151.36
10/12/2019,268.48,151.13
11/12/2019,270.77,151.7
12/12/2019,271.46,153.24
13/12/2019,275.15,154.53
16/12/2019,279.86,155.53
17/12/2019,280.41,154.69
18/12/2019,279.74,154.37
19/12/2019,280.02,155.71
20/12/2019,279.44,157.41
23/12/2019,284,157.41
24/12/2019,284.27,157.38
26/12/2019,289.91,158.67
27/12/2019,289.8,158.96
30/12/2019,291.52,157.59
31/12/2019,293.65,157.7
02/01/2020,300.35,160.62
03/01/2020,297.43,158.62
06/01/2020,299.8,159.03
07/01/2020,298.39,157.58
08/01/2020,303.19,160.09
09/01/2020,309.63,162.09
10/01/2020,310.33,161.34
13/01/2020,316.96,163.28
14/01/2020,312.68,162.13
15/01/2020,311.34,163.18
16/01/2020,315.24,166.17
17/01/2020,318.73,167.1
21/01/2020,316.57,166.5
22/01/2020,317.7,165.7
23/01/2020,319.23,166.72
24/01/2020,318.31,165.04
27/01/2020,308.95,162.28
28/01/2020,317.69,165.46
29/01/2020,324.34,168.04
30/01/2020,323.87,172.78
31/01/2020,309.51,170.23
03/02/2020,308.66,174.38
04/02/2020,318.85,180.12
05/02/2020,321.45,179.9
06/02/2020,325.21,183.63
07/02/2020,320.03,183.89
10/02/2020,321.55,188.7
11/02/2020,319.61,184.44
12/02/2020,327.2,184.71
13/02/2020,324.87,183.71
14/02/2020,324.95,185.35
18/02/2020,319,187.23
19/02/2020,323.62,187.28
20/02/2020,320.3,184.42
21/02/2020,313.05,178.59
24/02/2020,298.18,170.89
25/02/2020,288.08,168.07
26/02/2020,292.65,170.17
27/02/2020,273.52,158.18
28/02/2020,273.36,162.01
02/03/2020,298.81,172.79
03/03/2020,289.32,164.51
04/03/2020,302.74,170.55
05/03/2020,292.92,166.27
06/03/2020,289.03,161.57
09/03/2020,266.17,150.62
10/03/2020,285.34,160.92
11/03/2020,275.43,153.63
12/03/2020,248.23,139.06
13/03/2020,277.97,158.83
16/03/2020,242.21,135.42
17/03/2020,252.86,146.57
18/03/2020,246.67,140.4
19/03/2020,244.78,142.71
20/03/2020,229.24,137.35
23/03/2020,224.37,135.98
24/03/2020,246.88,148.34
25/03/2020,245.52,146.92
26/03/2020,258.44,156.11
27/03/2020,247.74,149.7
30/03/2020,254.81,160.23
31/03/2020,254.29,157.71
01/04/2020,240.91,152.11
02/04/2020,244.93,155.26
03/04/2020,241.41,153.83
06/04/2020,262.47,165.27
07/04/2020,259.43,163.49
08/04/2020,266.07,165.13
09/04/2020,267.99,165.14
13/04/2020,273.25,165.51
14/04/2020,287.05,173.7
15/04/2020,284.43,171.88
16/04/2020,286.69,177.04
17/04/2020,282.8,178.6
20/04/2020,276.93,175.06
21/04/2020,268.37,167.82
22/04/2020,276.1,173.52
23/04/2020,275.03,171.42
24/04/2020,282.97,174.55
27/04/2020,283.17,174.05
28/04/2020,278.58,169.81
29/04/2020,287.73,177.43
30/04/2020,293.8,179.21
01/05/2020,289.07,174.57
04/05/2020,293.16,178.84
05/05/2020,297.56,180.76
06/05/2020,300.63,182.54
07/05/2020,303.74,183.6
08/05/2020,310.13,184.68
11/05/2020,315.01,186.74
12/05/2020,311.41,182.51
13/05/2020,307.65,179.75
14/05/2020,309.54,180.53
15/05/2020,307.71,183.16
18/05/2020,314.96,184.91
19/05/2020,313.14,183.63
20/05/2020,319.23,185.66
21/05/2020,316.85,183.43
22/05/2020,318.89,183.51
26/05/2020,316.73,181.57
27/05/2020,318.11,181.81
28/05/2020,318.25,181.4
29/05/2020,317.94,183.25
01/06/2020,321.85,182.83
02/06/2020,323.34,184.91
03/06/2020,325.12,185.36
04/06/2020,322.32,182.92
05/06/2020,331.5,187.2
08/06/2020,333.46,188.36
09/06/2020,343.99,189.8
10/06/2020,352.84,196.84
11/06/2020,335.9,186.27
12/06/2020,338.8,187.74
15/06/2020,342.99,188.94
16/06/2020,352.08,193.57
17/06/2020,351.59,194.24
18/06/2020,351.73,196.32
19/06/2020,349.72,195.15
22/06/2020,358.87,200.57
23/06/2020,366.53,201.91
24/06/2020,360.06,197.84
25/06/2020,364.84,200.34
26/06/2020,353.63,196.33
29/06/2020,361.78,198.44
30/06/2020,364.8,203.51
01/07/2020,364.11,204.7
02/07/2020,364.11,206.26
06/07/2020,373.85,210.7
07/07/2020,372.69,208.25
08/07/2020,381.37,212.83
09/07/2020,382.73,214.32
10/07/2020,383.68,213.67
13/07/2020,381.91,207.07
14/07/2020,388.23,208.35
15/07/2020,390.9,208.04
16/07/2020,386.09,203.92
17/07/2020,385.31,202.88
20/07/2020,393.43,211.6
21/07/2020,388,208.75
22/07/2020,389.09,211.75
23/07/2020,371.38,202.54
24/07/2020,370.46,201.3
27/07/2020,379.24,203.85
28/07/2020,373.01,202.02
29/07/2020,380.16,204.06
30/07/2020,384.76,203.9
31/07/2020,425.04,205.01
03/08/2020,435.75,216.54
04/08/2020,438.66,213.29
05/08/2020,440.25,212.94
06/08/2020,455.61,216.35
07/08/2020,444.45,212.48
